City_ID,City,Country,Date,Lat,Lng,Max Temp,Humidity,Cloudiness,Wind Speed,Weather Description
0,Lagoa,PT,2021-09-17 21:47:46,39.05,-27.9833,67.51,71,100,8.16,overcast clouds
1,Port Alfred,ZA,2021-09-17 21:47:46,-33.5906,26.891,58.15,55,83,3.4,broken clouds
2,Ushuaia,AR,2021-09-17 21:42:40,-54.8,-68.3,37.83,83,100,1.1,overcast clouds
3,Punta Arenas,CL,2021-09-17 21:43:19,-53.15,-70.9167,39.49,82,97,2.35,overcast clouds
4,Jamestown,US,2021-09-17 21:46:25,42.097,-79.2353,79.18,84,27,4.36,scattered clouds
5,Khatanga,RU,2021-09-17 21:47:47,71.9667,102.5,26.56,93,13,8.68,few clouds
6,Avarua,CK,2021-09-17 21:47:47,-21.2078,-159.775,75.06,70,26,17.85,scattered clouds
7,Tezu,IN,2021-09-17 21:47:48,27.9167,96.1667,72.63,98,100,2.8,light rain
8,Usak,TR,2021-09-17 21:47:48,38.5,29.4167,62.65,25,0,3.44,clear sky
9,Tual,ID,2021-09-17 21:47:48,-5.6667,132.75,80.53,77,100,17.83,overcast clouds
10,Port Elizabeth,ZA,2021-09-17 21:47:49,-33.918,25.5701,52.11,69,33,3.42,scattered clouds
11,Huayang,CN,2021-09-17 21:47:49,34.4155,109.9939,56.16,96,100,3.2,overcast clouds
12,Vaini,TO,2021-09-17 21:45:46,-21.2,-175.2,76.26,82,3,9.44,clear sky
13,Avera,US,2021-09-17 21:45:14,33.194,-82.5271,84.7,57,63,6.78,broken clouds
14,Basudebpur,IN,2021-09-17 21:47:50,21.1353,86.7386,78.96,90,100,3.89,light rain
15,Calama,CL,2021-09-17 21:47:50,-22.4667,-68.9333,69.39,10,8,9.86,clear sky
16,Sande,DE,2021-09-17 21:47:51,53.5049,8.0142,52.18,94,5,5.17,clear sky
17,Bredasdorp,ZA,2021-09-17 21:44:07,-34.5322,20.0403,54.28,84,0,10.31,clear sky
18,Lompoc,US,2021-09-17 21:46:03,34.6391,-120.4579,72.57,61,11,5.99,few clouds
19,Porbandar,IN,2021-09-17 21:43:15,21.6422,69.6093,79.92,87,54,9.46,broken clouds
20,Lorengau,PG,2021-09-17 21:47:52,-2.0226,147.2712,83.55,75,72,11.48,broken clouds
21,Chokurdakh,RU,2021-09-17 21:47:03,70.6333,147.9167,31.68,80,100,12.91,overcast clouds
22,Hovd,MN,2021-09-17 21:47:52,48.0056,91.6419,53.08,42,19,8.7,few clouds
23,Iqaluit,CA,2021-09-17 21:47:52,63.7506,-68.5145,35.06,79,100,14.52,overcast clouds
24,East London,ZA,2021-09-17 21:44:48,-33.0153,27.9116,58.21,59,66,3.87,broken clouds
25,Vestmannaeyjar,IS,2021-09-17 21:46:13,63.4427,-20.2734,47.16,66,100,10.27,overcast clouds
26,Lere,NG,2021-09-17 21:47:53,10.387,8.5726,69.75,92,91,2.75,light rain
27,Sovetskiy,RU,2021-09-17 21:47:53,61.3614,63.5842,38.41,78,98,13.56,overcast clouds
28,Bremerton,US,2021-09-17 21:34:00,47.5673,-122.6326,61.43,79,100,4.0,light rain
29,Porosozero,RU,2021-09-17 21:47:54,62.7191,32.727,35.71,95,71,4.09,broken clouds
30,Mataura,NZ,2021-09-17 21:46:18,-46.1927,168.8643,42.48,59,13,3.42,few clouds
31,Hithadhoo,MV,2021-09-17 21:38:59,-0.6,73.0833,82.26,74,100,4.38,overcast clouds
32,Miguel Calmon,BR,2021-09-17 21:47:55,-11.4289,-40.595,70.29,56,2,4.88,clear sky
33,Nouadhibou,MR,2021-09-17 21:47:55,20.931,-17.0347,74.55,73,88,18.03,overcast clouds
34,Cape Town,ZA,2021-09-17 21:44:47,-33.9258,18.4232,56.88,77,0,5.99,clear sky
35,Barrow,US,2021-09-17 21:47:56,71.2906,-156.7887,31.01,88,100,10.6,overcast clouds
36,Kindu,CD,2021-09-17 21:47:56,-2.95,25.95,70.7,98,100,3.53,light rain
37,Atuona,PF,2021-09-17 21:47:56,-9.8,-139.0333,77.97,71,16,17.09,few clouds
38,Mar Del Plata,AR,2021-09-17 21:35:10,-38.0023,-57.5575,57.74,78,0,10.45,clear sky
39,Tasiilaq,GL,2021-09-17 21:44:29,65.6145,-37.6368,28.81,62,100,1.83,overcast clouds
40,Raalte,NL,2021-09-17 21:47:57,52.3858,6.275,60.1,92,98,5.3,overcast clouds
41,Severo-Kurilsk,RU,2021-09-17 21:42:46,50.6789,156.125,51.96,67,20,7.23,few clouds
42,Dikson,RU,2021-09-17 21:38:53,73.5069,80.5464,33.8,72,42,20.2,scattered clouds
43,Ahipara,NZ,2021-09-17 21:43:59,-35.1667,173.1667,57.78,57,1,8.72,clear sky
44,Katobu,ID,2021-09-17 21:47:58,-4.9408,122.5276,72.66,89,89,3.49,overcast clouds
45,Carnarvon,AU,2021-09-17 21:44:45,-24.8667,113.6333,58.05,44,0,19.01,clear sky
46,Airai,TL,2021-09-17 21:43:08,-8.9266,125.4092,57.79,53,99,3.29,overcast clouds
47,Bluff,NZ,2021-09-17 21:47:59,-46.6,168.3333,42.8,68,11,5.1,few clouds
48,Esperance,AU,2021-09-17 21:47:59,-33.8667,121.9,49.01,77,11,16.04,few clouds
49,Hobart,AU,2021-09-17 21:43:32,-42.8794,147.3294,54.27,83,68,5.99,broken clouds
50,Albany,US,2021-09-17 21:44:10,42.6001,-73.9662,75.85,82,68,5.28,broken clouds
51,La Ronge,CA,2021-09-17 21:48:00,55.1001,-105.2842,45.79,74,100,4.59,overcast clouds
52,Saskylakh,RU,2021-09-17 21:48:00,71.9167,114.0833,30.45,91,99,8.84,overcast clouds
53,Tucumcari,US,2021-09-17 21:48:01,35.1717,-103.725,85.95,24,0,15.43,clear sky
54,Cidreira,BR,2021-09-17 21:44:33,-30.1811,-50.2056,62.33,94,100,16.71,overcast clouds
55,Bethel,US,2021-09-17 21:48:01,41.3712,-73.414,74.62,86,47,5.59,scattered clouds
56,Brae,GB,2021-09-17 21:48:01,60.3964,-1.353,55.17,97,100,20.94,overcast clouds
57,Longyearbyen,SJ,2021-09-17 21:44:29,78.2186,15.6401,41.41,88,98,6.73,overcast clouds
58,Inawashiro,JP,2021-09-17 21:48:02,37.5667,140.1167,66.69,98,100,5.26,overcast clouds
59,Dingle,PH,2021-09-17 21:46:41,10.9995,122.6711,74.98,94,100,3.02,overcast clouds
60,Bowen,AU,2021-09-17 21:48:02,-20.0167,148.2333,72.27,60,3,16.64,clear sky
61,Rikitea,PF,2021-09-17 21:48:03,-23.1203,-134.9692,71.94,74,60,11.05,broken clouds
62,Te Anau,NZ,2021-09-17 21:47:57,-45.4167,167.7167,43.0,76,42,2.51,scattered clouds
63,Kushiro,JP,2021-09-17 21:48:03,42.975,144.3747,58.69,96,100,17.4,overcast clouds
64,Havoysund,NO,2021-09-17 21:46:48,70.9963,24.6622,43.12,81,99,8.93,overcast clouds
65,Hilo,US,2021-09-17 21:48:04,19.7297,-155.09,82.8,81,78,3.0,broken clouds
66,Akropong,GH,2021-09-17 21:48:04,5.9746,-0.0854,72.01,91,100,5.39,overcast clouds
67,Nago,JP,2021-09-17 21:48:05,26.5881,127.9761,79.14,79,4,3.69,clear sky
68,Mangaratiba,BR,2021-09-17 21:48:05,-22.9597,-44.0406,68.85,92,87,7.16,overcast clouds
69,Eureka,US,2021-09-17 21:44:15,40.8021,-124.1637,79.66,60,96,3.0,overcast clouds
70,Kapaa,US,2021-09-17 21:48:06,22.0752,-159.319,80.11,59,100,5.01,overcast clouds
71,Marawi,PH,2021-09-17 21:48:06,7.9986,124.2928,65.64,89,95,3.87,moderate rain
72,Codrington,AU,2021-09-17 21:48:06,-38.2667,141.9667,49.28,76,18,18.25,few clouds
73,Kaka,TM,2021-09-17 21:48:07,37.3482,59.6143,79.66,49,0,7.27,clear sky
74,Batticaloa,LK,2021-09-17 21:48:05,7.7102,81.6924,81.59,79,100,4.45,overcast clouds
75,Dauphin,CA,2021-09-17 21:48:07,51.1494,-100.0502,61.39,34,59,9.06,broken clouds
76,Grand-Santi,GF,2021-09-17 21:48:08,4.25,-54.3833,75.67,91,84,2.3,light rain
77,Akdepe,TM,2021-09-17 21:48:08,42.0551,59.3788,64.72,42,1,10.98,clear sky
78,Biak,ID,2021-09-17 21:48:08,-0.9131,122.8766,74.8,84,96,7.54,light rain
79,Paita,PE,2021-09-17 21:48:09,-5.0892,-81.1144,66.16,80,47,18.39,scattered clouds
80,Segou,ML,2021-09-17 21:48:09,13.4317,-6.2157,80.15,66,95,4.83,overcast clouds
81,Kavieng,PG,2021-09-17 21:48:10,-2.5744,150.7967,82.83,76,44,13.4,light rain
82,Sao Joao Da Barra,BR,2021-09-17 21:48:10,-21.6403,-41.0511,71.13,91,70,5.7,broken clouds
83,Ponta Do Sol,PT,2021-09-17 21:48:10,32.6667,-17.1,75.0,76,3,2.66,clear sky
84,Porangatu,BR,2021-09-17 21:48:11,-13.4408,-49.1486,87.13,17,0,3.71,clear sky
85,Lebu,CL,2021-09-17 21:44:03,-37.6167,-73.65,52.2,87,98,10.16,overcast clouds
86,Tiksi,RU,2021-09-17 21:47:01,71.6872,128.8694,34.43,76,100,15.46,overcast clouds
87,Port Shepstone,ZA,2021-09-17 21:48:11,-30.7414,30.455,59.07,69,81,12.68,broken clouds
88,San Cristobal,VE,2021-09-17 21:43:52,7.7669,-72.225,78.46,57,11,5.5,few clouds
89,Rancho Palos Verdes,US,2021-09-17 21:48:12,33.7445,-118.387,87.67,70,23,7.0,few clouds
90,Saint George,US,2021-09-17 21:48:12,37.1041,-113.5841,95.63,13,22,4.0,few clouds
91,Tarauaca,BR,2021-09-17 21:48:13,-8.1614,-70.7656,82.31,69,79,1.41,broken clouds
92,Sao Raimundo Nonato,BR,2021-09-17 21:48:13,-9.0153,-42.6994,82.81,30,0,5.06,clear sky
93,Nikolskoye,RU,2021-09-17 21:48:13,59.7035,30.7861,45.01,64,77,3.4,broken clouds
94,Alta Floresta,BR,2021-09-17 21:48:14,-9.8756,-56.0861,85.84,38,36,4.18,scattered clouds
95,Tuktoyaktuk,CA,2021-09-17 21:46:46,69.4541,-133.0374,47.05,71,99,6.44,overcast clouds
96,Ingham,US,2021-09-17 21:48:14,42.6,-84.3833,85.15,60,46,9.6,scattered clouds
97,Vuktyl,RU,2021-09-17 21:48:15,63.8567,57.3094,36.81,89,100,15.95,overcast clouds
98,Ovre Ardal,NO,2021-09-17 21:48:15,61.3167,7.8,45.97,75,82,5.7,broken clouds
99,Gojo,JP,2021-09-17 21:48:15,34.35,135.7,73.81,99,100,3.13,overcast clouds
100,Thompson,CA,2021-09-17 21:48:16,55.7435,-97.8558,50.36,50,100,6.93,overcast clouds
101,West Wendover,US,2021-09-17 21:44:37,40.7391,-114.0733,80.53,14,0,7.63,clear sky
102,Iskateley,RU,2021-09-17 21:48:16,67.6803,53.1512,39.67,80,100,15.43,overcast clouds
103,Caohai,CN,2021-09-17 21:48:16,26.8661,104.2841,56.55,97,91,6.06,overcast clouds
104,Taylor,US,2021-09-17 21:48:17,32.3001,-99.8337,99.43,36,42,5.01,scattered clouds
105,Loa Janan,ID,2021-09-17 21:48:17,-0.583,117.095,73.36,99,100,2.39,overcast clouds
106,Guapiacu,BR,2021-09-17 21:48:17,-20.795,-49.2203,86.56,25,10,6.33,clear sky
107,Yeppoon,AU,2021-09-17 21:48:18,-23.1333,150.7333,69.84,61,14,13.11,few clouds
108,Geraldton,AU,2021-09-17 21:45:43,-28.7667,114.6,51.6,73,0,8.25,clear sky
109,Houma,US,2021-09-17 21:48:18,29.5958,-90.7195,86.0,87,98,9.8,overcast clouds
110,Bataipora,BR,2021-09-17 21:48:19,-22.2953,-53.2711,82.83,38,21,4.41,few clouds
111,Pandharpur,IN,2021-09-17 21:48:19,17.6667,75.3333,73.83,81,100,7.09,overcast clouds
112,Richards Bay,ZA,2021-09-17 21:45:58,-28.783,32.0377,62.02,71,97,13.13,light rain
113,Pimentel,PE,2021-09-17 21:48:19,-6.8367,-79.9342,64.54,81,66,16.53,broken clouds
114,Kruisfontein,ZA,2021-09-17 21:44:49,-34.0033,24.7314,49.89,86,16,3.27,few clouds
115,Tabou,CI,2021-09-17 21:48:20,4.423,-7.3528,75.85,91,94,7.54,light rain
116,Akyab,MM,2021-09-17 21:48:20,20.15,92.9,78.66,90,100,9.08,overcast clouds
117,Valparaiso,CL,2021-09-17 21:43:46,-33.0393,-71.6273,57.11,80,23,13.02,few clouds
118,Aksu,CN,2021-09-17 21:48:21,41.1231,80.2644,68.77,36,0,1.68,clear sky
119,Busselton,AU,2021-09-17 21:43:25,-33.65,115.3333,56.05,89,99,14.34,overcast clouds
120,Diu,IN,2021-09-17 21:48:21,20.7141,70.9822,78.4,88,31,8.39,scattered clouds
121,Lunca De Jos,RO,2021-09-17 21:48:22,46.5667,25.9833,61.0,96,99,4.88,light rain
122,Warrington,GB,2021-09-17 21:48:22,53.3925,-2.5802,63.45,82,79,5.37,broken clouds
123,Zaysan,KZ,2021-09-17 21:44:22,47.4667,84.8667,61.25,23,80,5.91,broken clouds
124,Namatanai,PG,2021-09-17 21:48:22,-3.6667,152.4333,81.61,76,29,7.25,scattered clouds
125,Cam Ranh,VN,2021-09-17 21:48:23,11.9214,109.1591,76.98,89,97,3.2,moderate rain
126,Aklavik,CA,2021-09-17 21:47:05,68.2191,-135.0107,44.04,78,96,11.81,overcast clouds
127,Salalah,OM,2021-09-17 21:47:05,17.0151,54.0924,79.83,88,71,4.27,broken clouds
128,Amapa,BR,2021-09-17 21:48:23,1.0,-52.0,76.84,78,79,3.31,broken clouds
129,Katsuura,JP,2021-09-17 21:48:24,35.1333,140.3,77.74,81,100,23.49,overcast clouds
130,Saint-Philippe,RE,2021-09-17 21:38:57,-21.3585,55.7679,68.22,76,4,5.08,clear sky
131,Saint-Joseph,RE,2021-09-17 21:48:24,-21.3667,55.6167,67.21,76,5,4.25,clear sky
132,Port Augusta,AU,2021-09-17 21:48:25,-32.5,137.7667,53.71,68,2,6.06,clear sky
133,Zemen,BG,2021-09-17 21:45:00,42.4789,22.7492,66.07,63,72,3.47,broken clouds
134,Haines Junction,CA,2021-09-17 21:48:25,60.7522,-137.5108,45.73,74,100,2.73,overcast clouds
135,Okha,RU,2021-09-17 21:48:26,53.5739,142.9478,56.64,80,100,17.25,light rain
136,Key West,US,2021-09-17 21:48:26,24.5557,-81.7826,89.01,64,14,2.62,few clouds
137,Bennettsville,US,2021-09-17 21:48:26,34.6174,-79.6848,87.33,65,100,7.14,overcast clouds
138,Caravelas,BR,2021-09-17 21:48:27,-17.7125,-39.2481,70.29,69,0,6.08,clear sky
139,Tessalit,ML,2021-09-17 21:48:27,20.1986,1.0114,93.25,15,4,2.8,clear sky
140,New Norfolk,AU,2021-09-17 21:39:00,-42.7826,147.0587,52.92,86,71,1.01,broken clouds
141,Mount Gambier,AU,2021-09-17 21:44:39,-37.8333,140.7667,47.48,82,68,16.58,light rain
142,Calabar,NG,2021-09-17 21:48:28,4.9517,8.322,73.85,97,99,2.64,overcast clouds
143,Ribeira Grande,PT,2021-09-17 21:48:28,38.5167,-28.7,70.34,78,96,6.51,overcast clouds
144,Inyonga,TZ,2021-09-17 21:48:28,-6.7167,32.0667,77.5,46,97,2.8,overcast clouds
145,Kalakamati,BW,2021-09-17 21:48:29,-20.5929,27.3121,57.07,82,11,16.49,few clouds
146,Bilibino,RU,2021-09-17 21:48:29,68.0546,166.4372,39.31,70,100,3.38,overcast clouds
147,Puerto Ayora,EC,2021-09-17 21:44:04,-0.7393,-90.3518,70.56,89,97,5.99,overcast clouds
148,Nome,US,2021-09-17 21:46:27,64.5011,-165.4064,42.17,72,56,11.52,broken clouds
149,Leningradskiy,RU,2021-09-17 21:46:16,69.3833,178.4167,31.78,96,100,1.54,light snow
150,Kamenka,RU,2021-09-17 21:48:30,51.3223,42.7678,47.55,67,100,6.98,light rain
151,Kabompo,ZM,2021-09-17 21:48:30,-13.5927,24.2008,70.86,27,13,5.19,few clouds
152,Torbay,CA,2021-09-17 21:48:31,47.6666,-52.7314,61.57,73,1,6.69,clear sky
153,Freeport,US,2021-09-17 21:44:08,40.6576,-73.5832,76.1,87,76,1.99,broken clouds
154,Tulu Bolo,ET,2021-09-17 21:48:31,8.6667,38.2167,56.59,85,93,1.01,overcast clouds
155,Hasaki,JP,2021-09-17 21:44:03,35.7333,140.8333,77.27,79,100,24.74,overcast clouds
156,Qaqortoq,GL,2021-09-17 21:48:32,60.7167,-46.0333,40.12,77,4,9.71,clear sky
157,Bartica,GY,2021-09-17 21:48:32,6.4,-58.6167,79.77,77,76,5.61,broken clouds
158,Hermanus,ZA,2021-09-17 21:45:45,-34.4187,19.2345,54.81,75,0,20.31,clear sky
159,Lakes Entrance,AU,2021-09-17 21:48:33,-37.8811,147.981,59.58,88,56,6.08,broken clouds
160,Isangel,VU,2021-09-17 21:38:59,-19.55,169.2667,71.64,79,100,18.41,overcast clouds
161,Upernavik,GL,2021-09-17 21:46:07,72.7868,-56.1549,30.29,83,100,12.15,light snow
162,Flinders,AU,2021-09-17 21:48:34,-34.5833,150.8552,67.05,77,68,7.0,light rain
163,Salinopolis,BR,2021-09-17 21:48:34,-0.6136,-47.3561,79.65,81,7,11.01,clear sky
164,Butaritari,KI,2021-09-17 21:38:57,3.0707,172.7902,81.41,76,67,12.77,broken clouds
165,New Milford,US,2021-09-17 21:48:35,40.9327,-74.0179,76.03,87,70,1.01,broken clouds
166,Leh,IN,2021-09-17 21:44:29,34.1667,77.5833,55.27,28,0,4.9,clear sky
167,Kodiak,US,2021-09-17 21:44:16,57.79,-152.4072,52.99,74,31,8.75,scattered clouds
168,Praia Da Vitoria,PT,2021-09-17 21:45:59,38.7333,-27.0667,68.76,78,97,7.45,overcast clouds
169,Negombo,LK,2021-09-17 21:48:36,7.2083,79.8358,79.93,87,100,10.18,overcast clouds
170,Methoni,GR,2021-09-17 21:48:36,36.8197,21.7049,78.22,75,27,12.1,scattered clouds
171,Port-Gentil,GA,2021-09-17 21:48:36,-0.7193,8.7815,77.92,84,100,14.12,overcast clouds
172,Norman Wells,CA,2021-09-17 21:48:37,65.282,-126.8329,53.2,56,100,11.07,overcast clouds
173,Lazaro Cardenas,MX,2021-09-17 21:48:37,17.9583,-102.2,83.46,75,74,6.08,broken clouds
174,Pozo Colorado,PY,2021-09-17 21:48:37,-23.4923,-58.7972,86.85,37,18,1.97,few clouds
175,Turayf,SA,2021-09-17 21:48:38,31.6725,38.6637,76.5,37,0,7.34,clear sky
176,Nantucket,US,2021-09-17 21:46:02,41.2835,-70.0995,75.09,93,84,13.53,broken clouds
177,Tateyama,JP,2021-09-17 21:48:38,34.9833,139.8667,77.67,82,100,25.19,light rain
178,Chimbote,PE,2021-09-17 21:48:39,-9.0853,-78.5783,64.6,76,43,11.39,scattered clouds
179,Tautira,PF,2021-09-17 21:48:39,-17.7333,-149.15,77.05,77,46,22.35,scattered clouds
180,Maua,BR,2021-09-17 21:48:40,-23.6678,-46.4614,69.12,47,84,7.18,broken clouds
181,Faanui,PF,2021-09-17 21:39:01,-16.4833,-151.75,79.16,73,0,20.76,clear sky
182,Saint-Pierre,RE,2021-09-17 21:44:26,-21.3393,55.4781,68.29,73,6,1.01,clear sky
183,Nisia Floresta,BR,2021-09-17 21:48:40,-6.0911,-35.2086,76.37,81,77,12.55,broken clouds
184,Dakar,SN,2021-09-17 21:44:52,14.6937,-17.4441,81.25,80,88,10.13,overcast clouds
185,Pyaozerskiy,RU,2021-09-17 21:48:41,65.8333,31.1667,38.84,74,52,1.95,broken clouds
186,Shaoyang,CN,2021-09-17 21:48:41,27.2315,111.4525,75.78,76,88,2.59,light rain
187,Provideniya,RU,2021-09-17 21:48:41,64.3833,-173.3,41.67,68,100,10.27,overcast clouds
188,Hofn,IS,2021-09-17 21:48:42,64.2539,-15.2082,50.74,92,79,6.89,broken clouds
189,Vardo,NO,2021-09-17 21:48:42,70.3705,31.1107,44.8,74,99,13.85,overcast clouds
190,Prince Rupert,CA,2021-09-17 21:48:42,54.3161,-130.3201,46.76,89,100,9.66,light rain
191,Sitka,US,2021-09-17 21:48:43,57.0531,-135.33,49.77,82,99,5.86,overcast clouds
192,Buritis,BR,2021-09-17 21:48:43,-15.6178,-46.4233,78.55,19,0,4.18,clear sky
193,Rundu,NA,2021-09-17 21:48:44,-17.9333,19.7667,68.81,16,0,7.54,clear sky
194,Nhulunbuy,AU,2021-09-17 21:48:44,-12.2333,136.7667,79.54,61,37,17.02,scattered clouds
195,Cherskiy,RU,2021-09-17 21:38:34,68.75,161.3,40.78,79,100,6.55,overcast clouds
196,Kouango,CF,2021-09-17 21:48:44,4.9934,19.9619,67.69,97,90,1.61,overcast clouds
197,Panagar,IN,2021-09-17 21:48:45,23.3,79.9833,72.77,95,96,5.5,overcast clouds
198,Kosonsoy,UZ,2021-09-17 21:48:45,41.2561,71.5508,66.58,21,0,5.53,clear sky
199,Nicolas Bravo,MX,2021-09-17 21:48:45,18.45,-88.9167,88.02,61,92,6.98,overcast clouds
200,Pacific Grove,US,2021-09-17 21:48:46,36.6177,-121.9166,79.75,77,35,5.01,scattered clouds
201,Karachi,PK,2021-09-17 21:48:46,24.9056,67.0822,82.6,79,79,9.37,broken clouds
202,Roald,NO,2021-09-17 21:48:46,62.5833,6.1333,54.34,85,100,1.57,overcast clouds
203,Souillac,MU,2021-09-17 21:48:47,-20.5167,57.5167,72.36,84,36,4.9,scattered clouds
204,Qaanaaq,GL,2021-09-17 21:38:58,77.484,-69.3632,10.26,69,7,7.2,clear sky
205,Maridi,SS,2021-09-17 21:48:48,4.9158,29.4742,67.1,99,100,4.09,light rain
206,Seoul,KR,2021-09-17 21:48:48,37.5683,126.9778,65.79,74,39,2.68,scattered clouds
207,Yellowknife,CA,2021-09-17 21:39:00,62.456,-114.3525,48.74,52,49,11.81,scattered clouds
208,Rawson,AR,2021-09-17 21:46:38,-43.3002,-65.1023,62.11,36,70,6.22,broken clouds
209,Kemin,KG,2021-09-17 21:48:48,42.7846,75.6892,65.08,29,23,5.17,few clouds
210,Bonavista,CA,2021-09-17 21:46:06,48.6499,-53.1147,62.11,70,8,13.62,clear sky
211,Khandyga,RU,2021-09-17 21:48:49,62.6667,135.6,44.37,87,86,7.27,overcast clouds
212,Clyde River,CA,2021-09-17 21:38:59,70.4692,-68.5914,30.69,69,87,0.56,overcast clouds
213,Sobolevo,RU,2021-09-17 21:44:54,54.4299,31.8996,40.62,74,96,15.03,overcast clouds
214,Necochea,AR,2021-09-17 21:48:50,-38.5473,-58.7368,66.04,76,1,10.42,clear sky
215,Timbiqui,CO,2021-09-17 21:48:50,2.7717,-77.6654,79.32,88,66,5.28,light rain
216,Narsaq,GL,2021-09-17 21:45:09,60.9167,-46.05,39.56,77,5,3.85,clear sky
217,Puerto Del Rosario,ES,2021-09-17 21:48:50,28.5004,-13.8627,72.5,77,12,13.65,few clouds
218,Mahebourg,MU,2021-09-17 21:48:51,-20.4081,57.7,72.25,84,18,5.86,few clouds
219,Cap-Aux-Meules,CA,2021-09-17 21:46:52,47.3821,-61.8597,61.77,77,1,13.02,clear sky
220,Agropoli,IT,2021-09-17 21:48:51,40.3469,14.9966,76.91,63,99,2.95,overcast clouds
221,La Primavera,CO,2021-09-17 21:48:52,5.4906,-70.4092,81.72,75,93,4.72,overcast clouds
222,Maceio,BR,2021-09-17 21:48:52,-9.6658,-35.7353,74.79,84,41,11.16,scattered clouds
223,San Jose,US,2021-09-17 21:44:48,37.3394,-121.895,85.51,40,0,4.0,clear sky
224,Santa,PH,2021-09-17 21:48:53,17.486,120.4348,76.95,85,7,3.62,clear sky
225,Massena,US,2021-09-17 21:48:53,44.9281,-74.8919,78.87,66,85,9.89,overcast clouds
226,Roebourne,AU,2021-09-17 21:48:54,-20.7833,117.1333,70.14,31,0,17.54,clear sky
227,Foix,FR,2021-09-17 21:48:54,42.8333,1.5833,58.75,91,15,4.97,few clouds
228,Murray Bridge,AU,2021-09-17 21:48:28,-35.1167,139.2667,54.48,62,5,13.24,clear sky
229,Nanortalik,GL,2021-09-17 21:38:55,60.1432,-45.2371,37.94,83,21,19.75,few clouds
230,Tuatapere,NZ,2021-09-17 21:48:55,-46.1333,167.6833,42.82,61,6,3.65,clear sky
231,Belaya Gora,RU,2021-09-17 21:48:55,68.5333,146.4167,42.17,86,100,12.77,overcast clouds
232,Luderitz,NA,2021-09-17 21:48:56,-26.6481,15.1594,56.89,74,0,12.75,clear sky
233,Kaitangata,NZ,2021-09-17 21:46:02,-46.2817,169.8464,45.48,55,13,7.74,few clouds
234,Sioux Lookout,CA,2021-09-17 21:48:56,50.1001,-91.917,54.19,56,83,11.74,broken clouds
235,Egvekinot,RU,2021-09-17 21:48:57,66.3167,-179.1667,32.86,65,100,2.1,overcast clouds
236,Sakakah,SA,2021-09-17 21:48:57,29.9697,40.2064,83.39,28,0,15.01,clear sky
237,Klaksvik,FO,2021-09-17 21:48:57,62.2266,-6.589,53.19,85,92,14.16,overcast clouds
238,Fortuna,US,2021-09-17 21:48:58,40.5982,-124.1573,87.19,44,66,1.99,broken clouds
239,Port Hawkesbury,CA,2021-09-17 21:48:58,45.6169,-61.3485,68.92,87,0,3.0,clear sky
240,Beipiao,CN,2021-09-17 21:48:58,41.7919,120.7792,56.43,68,9,1.03,clear sky
241,Victoria,HK,2021-09-17 21:47:07,22.2855,114.1577,85.32,83,14,1.01,few clouds
242,Burnie,AU,2021-09-17 21:45:16,-41.0667,145.9167,54.91,88,86,17.11,overcast clouds
243,Maldonado,UY,2021-09-17 21:48:59,-34.6667,-54.9167,55.56,83,0,6.31,clear sky
244,Santa Cruz Del Sur,CU,2021-09-17 21:48:59,20.7147,-77.9956,88.93,59,19,1.54,few clouds
245,Tomatlan,MX,2021-09-17 21:45:26,19.9333,-105.25,84.81,74,100,7.11,overcast clouds
246,Chicama,PE,2021-09-17 21:49:00,-7.8447,-79.1469,69.12,67,28,9.15,scattered clouds
247,Port Hardy,CA,2021-09-17 21:45:43,50.6996,-127.4199,49.6,94,100,17.52,moderate rain
248,Aswan,EG,2021-09-17 21:46:39,24.0934,32.907,80.29,29,2,10.25,clear sky
249,Talnakh,RU,2021-09-17 21:46:56,69.4865,88.3972,36.84,70,16,3.22,few clouds
250,Deputatskiy,RU,2021-09-17 21:47:41,69.3,139.9,31.93,99,100,5.26,snow
251,Pangnirtung,CA,2021-09-17 21:49:01,66.1451,-65.7125,35.11,77,100,2.68,overcast clouds
252,Yumen,CN,2021-09-17 21:49:01,40.2833,97.2,65.32,30,0,15.57,clear sky
253,Coquimbo,CL,2021-09-17 21:49:02,-29.9533,-71.3436,57.58,80,0,8.59,clear sky
254,Shimoda,JP,2021-09-17 21:49:02,34.6667,138.95,75.51,92,100,14.54,heavy intensity rain
255,Antalaha,MG,2021-09-17 21:49:03,-14.9003,50.2788,66.45,92,76,4.16,broken clouds
256,Sao Filipe,CV,2021-09-17 21:49:03,14.8961,-24.4956,78.69,78,37,12.46,scattered clouds
257,Hudson Bay,CA,2021-09-17 21:49:03,52.85,-102.3842,55.99,43,94,5.01,overcast clouds
258,Vestmanna,FO,2021-09-17 21:49:04,62.1564,-7.1664,50.02,87,100,17.52,overcast clouds
259,Abu Samrah,SY,2021-09-17 21:46:01,35.3029,37.1841,71.6,54,0,6.35,clear sky
260,Nunkini,MX,2021-09-17 21:49:04,20.3333,-90.1833,86.47,64,91,5.14,overcast clouds
261,Mayo,US,2021-09-17 21:49:05,38.8876,-76.5119,81.61,83,61,10.0,broken clouds
262,Kenai,US,2021-09-17 21:49:05,60.5544,-151.2583,56.03,84,70,5.32,broken clouds
263,Portland,US,2021-09-17 21:45:38,45.5234,-122.6762,82.85,32,98,1.99,overcast clouds
264,Bambous Virieux,MU,2021-09-17 21:47:10,-20.3428,57.7575,72.21,84,13,6.2,few clouds
265,Yulara,AU,2021-09-17 21:49:06,-25.2406,130.9889,54.41,30,0,13.85,clear sky
266,Harper,LR,2021-09-17 21:44:28,4.375,-7.7169,75.92,90,100,6.33,light rain
267,Hokitika,NZ,2021-09-17 21:49:06,-42.7167,170.9667,46.67,82,100,6.93,overcast clouds
268,Clarence Town,AU,2021-09-17 21:49:07,-32.5833,151.7833,63.99,54,96,3.06,overcast clouds
269,Anito,PH,2021-09-17 21:49:07,12.4497,125.2886,77.23,89,92,1.3,overcast clouds
270,Botou,CN,2021-09-17 21:49:08,38.0667,116.5667,64.29,77,96,2.77,light rain
271,Grand Gaube,MU,2021-09-17 21:49:08,-20.0064,57.6608,72.37,84,34,1.01,light rain
272,Hay River,CA,2021-09-17 21:46:19,60.8156,-115.7999,52.84,57,100,9.62,overcast clouds
273,Hobyo,SO,2021-09-17 21:49:09,5.3505,48.5268,77.74,83,82,25.1,broken clouds
274,Senges,BR,2021-09-17 21:49:09,-24.1128,-49.4636,66.94,85,97,5.84,overcast clouds
275,Alyangula,AU,2021-09-17 21:49:09,-13.8483,136.4192,77.77,70,32,12.26,scattered clouds
276,Cap Malheureux,MU,2021-09-17 21:49:10,-19.9842,57.6142,72.46,84,45,1.01,light rain
277,Sept-Iles,CA,2021-09-17 21:49:10,50.2001,-66.3821,60.06,80,19,4.0,few clouds
278,Honningsvag,NO,2021-09-17 21:49:11,70.9821,25.9704,44.69,79,95,16.02,overcast clouds
279,Gat,IL,2021-09-17 21:46:54,31.61,34.7642,75.81,68,0,4.23,clear sky
280,Tarancon,ES,2021-09-17 21:49:11,40.0085,-3.0073,69.66,49,14,5.12,few clouds
281,Asau,RO,2021-09-17 21:49:11,46.4333,26.4,66.76,73,94,5.1,overcast clouds
282,Alofi,NU,2021-09-17 21:47:38,-19.0595,-169.9187,78.19,81,13,18.23,light rain
283,Jacqueville,CI,2021-09-17 21:49:12,5.2052,-4.4146,76.62,92,100,11.7,light rain
284,Balkhash,KZ,2021-09-17 21:47:46,46.844,74.9804,66.79,56,65,14.54,broken clouds
285,Vrede,ZA,2021-09-17 21:49:12,-27.4257,29.1659,43.61,83,18,8.68,few clouds
286,Birin,NP,2021-09-17 21:49:13,26.8865,88.0718,61.97,91,100,2.26,overcast clouds
287,Solnechnyy,RU,2021-09-17 21:49:13,50.7214,136.6319,52.18,92,96,2.19,overcast clouds
288,La Rioja,ES,2021-09-17 21:49:13,42.25,-2.5,61.05,82,94,3.91,overcast clouds
289,Castro,BR,2021-09-17 21:49:14,-24.7911,-50.0119,58.35,99,98,4.0,overcast clouds
290,Mwinilunga,ZM,2021-09-17 21:49:14,-11.7358,24.4293,68.52,40,4,2.77,clear sky
291,Kupang,ID,2021-09-17 21:49:15,-10.1667,123.5833,74.59,75,3,5.48,clear sky
292,Hereford,GB,2021-09-17 21:49:15,52.0568,-2.7148,61.09,67,36,4.12,scattered clouds
293,Chuy,UY,2021-09-17 21:47:12,-33.6971,-53.4616,55.94,91,68,7.72,broken clouds
294,Nchelenge,ZM,2021-09-17 21:49:15,-9.3451,28.734,78.75,47,79,3.31,broken clouds
295,Tilichiki,RU,2021-09-17 21:44:55,60.4667,166.1,48.47,73,100,4.36,overcast clouds
296,Singaraja,ID,2021-09-17 21:49:16,-8.112,115.0882,77.61,80,49,3.62,scattered clouds
297,Emerald,AU,2021-09-17 21:49:16,-23.5333,148.1667,66.11,70,2,13.11,clear sky
298,El Alto,PE,2021-09-17 21:49:17,-4.2714,-81.2147,66.49,77,41,13.11,scattered clouds
299,Korla,CN,2021-09-17 21:46:11,41.7597,86.1469,68.04,28,0,5.1,clear sky
300,Port Lincoln,AU,2021-09-17 21:41:11,-34.7333,135.8667,54.64,61,84,16.35,broken clouds
301,Sokyryany,UA,2021-09-17 21:49:17,48.4475,27.4168,61.9,91,90,6.64,overcast clouds
302,Francistown,BW,2021-09-17 21:49:18,-21.17,27.5079,59.22,78,35,20.29,scattered clouds
303,Keti Bandar,PK,2021-09-17 21:48:26,24.1447,67.4497,82.45,84,42,11.36,scattered clouds
304,Mazara Del Vallo,IT,2021-09-17 21:49:18,37.6641,12.588,78.01,99,75,15.43,broken clouds
305,Kropotkin,RU,2021-09-17 21:49:19,45.4375,40.5756,55.99,68,2,5.66,clear sky
306,Rocha,UY,2021-09-17 21:49:19,-34.4833,-54.3333,54.0,90,0,8.05,clear sky
307,Kamiiso,JP,2021-09-17 21:49:19,41.8167,140.65,63.79,95,100,7.54,overcast clouds
308,Polunochnoye,RU,2021-09-17 21:49:20,60.8697,60.4153,31.41,94,49,4.25,scattered clouds
309,Manta,EC,2021-09-17 21:49:20,-0.95,-80.7333,75.27,82,28,11.63,scattered clouds
310,Touros,BR,2021-09-17 21:49:20,-5.1989,-35.4608,77.81,80,83,16.37,broken clouds
311,Lufilufi,WS,2021-09-17 21:49:21,-13.8745,-171.5986,80.78,75,11,18.16,light rain
312,Half Moon Bay,US,2021-09-17 21:49:21,37.4636,-122.4286,85.57,67,26,1.99,scattered clouds
313,Husavik,IS,2021-09-17 21:49:22,66.0449,-17.3389,46.24,77,100,6.91,overcast clouds
314,Terrace Bay,CA,2021-09-17 21:49:22,48.7834,-87.1,62.01,54,30,14.14,scattered clouds
315,Nemuro,JP,2021-09-17 21:49:22,43.3236,145.575,58.89,87,100,17.07,moderate rain
316,Vao,NC,2021-09-17 21:45:06,-22.6667,167.4833,67.44,58,1,15.86,clear sky
317,Gogrial,SS,2021-09-17 21:49:23,8.5332,28.1004,70.47,95,99,3.69,overcast clouds
318,Visnes,NO,2021-09-17 21:49:23,59.3556,5.2242,56.21,70,80,19.19,broken clouds
319,Nenjiang,CN,2021-09-17 21:49:24,49.1833,125.2167,41.61,85,14,7.0,few clouds
320,Veraval,IN,2021-09-17 21:49:24,20.9,70.3667,79.16,87,60,8.46,broken clouds
321,Pesqueira,BR,2021-09-17 21:46:27,-8.3578,-36.6964,66.69,91,33,15.26,scattered clouds
322,Buala,SB,2021-09-17 21:49:25,-8.145,159.5921,82.89,75,77,11.43,light rain
323,Bairiki,KI,2021-09-17 21:49:25,1.3292,172.9752,81.54,72,36,13.47,scattered clouds
324,Kyzyl-Suu,KG,2021-09-17 21:49:25,42.3414,78.0056,58.35,31,0,6.42,clear sky
325,Cabo San Lucas,MX,2021-09-17 21:46:49,22.8909,-109.9124,91.81,71,41,7.0,scattered clouds
326,Komsomolskiy,UZ,2021-09-17 21:49:26,40.4272,71.7189,68.34,28,0,2.26,clear sky
327,Syracuse,IT,2021-09-17 21:45:22,37.0881,15.2792,82.89,60,65,7.02,broken clouds
328,Anadyr,RU,2021-09-17 21:49:26,64.75,177.4833,44.44,72,31,9.86,scattered clouds
329,Doaba,PK,2021-09-17 21:49:27,33.4244,70.7364,80.2,49,0,0.85,clear sky
330,Saldanha,ZA,2021-09-17 21:49:27,-33.0117,17.9442,57.97,62,0,17.52,clear sky
331,Corinto,GR,2021-09-17 21:49:27,37.9407,22.9573,78.76,62,21,7.31,few clouds
332,Porto Seguro,BR,2021-09-17 21:49:28,-16.4497,-39.0647,72.28,68,0,9.06,clear sky
333,Albemarle,US,2021-09-17 21:45:15,35.3501,-80.2001,83.98,74,98,2.89,overcast clouds
334,Pochutla,MX,2021-09-17 21:47:44,15.7432,-96.4661,85.82,71,78,3.71,broken clouds
335,Loukhi,RU,2021-09-17 21:49:28,66.0764,33.0381,42.19,62,100,1.83,overcast clouds
336,Comodoro Rivadavia,AR,2021-09-17 21:49:29,-45.8667,-67.5,58.12,34,4,15.41,clear sky
337,Westport,US,2021-09-17 21:45:52,41.1415,-73.3579,75.97,91,37,5.01,scattered clouds
338,Wolfeboro,US,2021-09-17 21:49:29,43.584,-71.2073,69.19,91,73,5.08,broken clouds
339,Inhambane,MZ,2021-09-17 21:45:50,-23.865,35.3833,69.55,60,82,17.78,broken clouds
340,Meulaboh,ID,2021-09-17 21:45:55,4.1363,96.1285,77.13,89,86,1.23,overcast clouds
341,Iquitos,PE,2021-09-17 21:49:30,-3.7481,-73.2472,78.94,86,90,1.5,overcast clouds
342,Samarai,PG,2021-09-17 21:49:30,-10.6167,150.6667,77.83,83,99,19.75,overcast clouds
343,Stornoway,GB,2021-09-17 21:49:30,58.2093,-6.3865,53.92,94,46,8.43,scattered clouds
344,Santa Rosa,PH,2021-09-17 21:49:31,14.3122,121.1114,81.86,83,96,6.42,overcast clouds
345,Natal,BR,2021-09-17 21:49:31,-5.795,-35.2094,77.72,78,79,13.42,broken clouds
346,San Quintin,MX,2021-09-17 21:49:32,30.4833,-115.95,73.29,63,8,14.81,clear sky
347,Vostok,RU,2021-09-17 21:46:09,46.4856,135.8833,50.22,81,0,3.65,clear sky
348,Lalibela,ET,2021-09-17 21:49:32,12.0333,39.0333,57.09,57,34,4.94,scattered clouds
349,Saint Anthony,US,2021-09-17 21:49:32,45.0205,-93.218,74.17,36,0,7.0,clear sky
350,Palapye,BW,2021-09-17 21:49:33,-22.546,27.1251,58.91,75,15,16.78,few clouds
351,Sault Sainte Marie,CA,2021-09-17 21:48:07,46.5168,-84.3333,61.9,93,100,9.95,overcast clouds
352,Tailai,CN,2021-09-17 21:49:33,46.3833,123.4,54.32,80,37,11.54,light rain
353,Inta,RU,2021-09-17 21:45:13,66.0317,60.1659,36.57,95,100,25.05,overcast clouds
354,Arraial Do Cabo,BR,2021-09-17 21:49:34,-22.9661,-42.0278,69.28,89,99,16.26,overcast clouds
355,Saint-Francois,FR,2021-09-17 21:49:34,46.4154,3.9054,56.48,88,60,2.01,broken clouds
356,Macomb,US,2021-09-17 21:49:35,40.4592,-90.6718,90.75,44,16,3.38,few clouds
357,Puerto El Triunfo,SV,2021-09-17 21:46:03,13.2833,-88.55,85.23,70,13,4.72,few clouds
358,Sinnai,IT,2021-09-17 21:49:35,39.3042,9.2036,73.47,66,99,7.07,light rain
359,Waddan,LY,2021-09-17 21:45:48,29.1614,16.139,79.34,31,0,10.31,clear sky
360,Noumea,NC,2021-09-17 21:46:42,-22.2763,166.4572,68.81,59,18,11.61,few clouds
361,Ola,RU,2021-09-17 21:49:36,59.5833,151.2833,49.91,85,100,22.86,light rain
362,Varnavino,RU,2021-09-17 21:49:36,57.4035,45.0916,40.78,87,91,8.61,overcast clouds
363,Buchanan,LR,2021-09-17 21:49:37,5.8808,-10.0467,77.02,87,98,5.91,overcast clouds
364,Hailar,CN,2021-09-17 21:49:37,49.2,119.7,41.43,52,51,6.53,broken clouds
365,Zhanakorgan,KZ,2021-09-17 21:49:37,43.9098,67.2495,68.81,39,1,11.56,clear sky
366,Hohhot,CN,2021-09-17 21:49:38,40.8106,111.6522,60.53,44,100,4.63,overcast clouds
367,Mega,ET,2021-09-17 21:49:38,4.05,38.3,66.96,53,92,12.3,overcast clouds
368,Ocara,BR,2021-09-17 21:49:38,-4.4908,-38.5967,76.69,77,2,7.78,clear sky
369,Constitucion,CL,2021-09-17 21:45:56,-35.3333,-72.4167,55.45,75,93,14.0,overcast clouds
370,Komsomolets,KZ,2021-09-17 21:49:39,53.7453,62.0708,44.85,75,97,10.6,overcast clouds
371,Bengkulu,ID,2021-09-17 21:49:39,-3.8004,102.2655,74.93,86,36,4.88,scattered clouds
372,Tiznit,MA,2021-09-17 21:49:40,29.5833,-9.5,66.34,77,26,4.76,scattered clouds
373,Saint-Augustin,CA,2021-09-17 21:49:40,51.226,-58.6502,58.21,68,86,18.32,overcast clouds
374,Nagua,DO,2021-09-17 21:49:40,19.3832,-69.8474,86.45,80,41,7.83,scattered clouds
375,Ust-Maya,RU,2021-09-17 21:49:41,60.4167,134.5333,39.65,94,100,3.83,overcast clouds
376,Georgetown,MY,2021-09-17 21:49:41,5.4112,100.3354,79.9,89,96,4.7,overcast clouds
377,Saint-Georges,GD,2021-09-17 21:46:43,12.0564,-61.7485,81.99,69,64,12.97,broken clouds
378,Lesozavodsk,RU,2021-09-17 21:49:42,45.4794,133.4244,54.37,86,2,5.39,clear sky
379,Concepcion Del Oro,MX,2021-09-17 21:49:42,24.6333,-101.4167,76.12,32,62,6.78,broken clouds
380,Cajuru,BR,2021-09-17 21:49:42,-21.2753,-47.3042,80.06,40,27,6.76,scattered clouds
381,Actopan,MX,2021-09-17 21:49:43,20.2667,-98.9333,72.25,65,100,10.8,overcast clouds
382,Gunjur,GM,2021-09-17 21:49:43,13.2019,-16.7339,79.95,83,100,11.21,overcast clouds
383,Wilmington,US,2021-09-17 21:48:50,34.2257,-77.9447,84.0,77,100,1.01,overcast clouds
384,Muros,ES,2021-09-17 21:44:50,42.7762,-9.0603,64.24,91,2,5.88,clear sky
385,Rovaniemi,FI,2021-09-17 21:49:44,66.5,25.7167,39.61,76,100,2.42,overcast clouds
386,Port Macquarie,AU,2021-09-17 21:47:09,-31.4333,152.9167,62.04,68,58,10.92,broken clouds
387,Huarmey,PE,2021-09-17 21:49:44,-10.0681,-78.1522,66.61,73,34,11.07,scattered clouds
388,Santa Isabel Do Rio Negro,BR,2021-09-17 21:49:45,-0.4139,-65.0192,72.86,95,79,2.24,broken clouds
389,Ranong,TH,2021-09-17 21:49:45,9.9658,98.6348,76.51,84,53,1.25,broken clouds
390,Margate,GB,2021-09-17 21:49:45,51.3813,1.3862,61.7,90,93,7.7,overcast clouds
391,Maningrida,AU,2021-09-17 21:49:46,-12.0667,134.2667,72.64,81,54,9.46,broken clouds
392,Porto Novo,BJ,2021-09-17 21:49:00,6.4965,2.6036,77.67,89,75,5.97,broken clouds
393,Adrar,MR,2021-09-17 21:49:46,20.5022,-10.0711,86.59,42,85,5.91,overcast clouds
394,Hambantota,LK,2021-09-17 21:49:47,6.1241,81.1185,79.3,85,91,12.03,overcast clouds
395,Forest Acres,US,2021-09-17 21:49:47,34.0193,-80.9898,86.99,86,92,4.0,overcast clouds
396,Katherine,AU,2021-09-17 21:49:47,-14.4667,132.2667,73.8,51,31,3.74,scattered clouds
397,Dogbo,BJ,2021-09-17 21:49:48,6.8167,1.7833,75.74,94,96,4.21,overcast clouds
398,Puerto Baquerizo Moreno,EC,2021-09-17 21:49:48,-0.9,-89.6,68.59,87,96,9.78,overcast clouds
399,Najran,SA,2021-09-17 21:49:48,17.4924,44.1277,76.12,17,63,3.69,broken clouds
400,Laguna,US,2021-09-17 21:48:29,38.421,-121.4238,93.43,40,0,4.0,clear sky
401,Ekhabi,RU,2021-09-17 21:49:49,53.5102,142.9671,56.39,80,100,16.58,light rain
402,Dalnegorsk,RU,2021-09-17 21:49:49,44.5604,135.5701,54.23,76,0,3.91,clear sky
403,Rockland,US,2021-09-17 21:49:49,41.1668,-74.0496,74.64,85,55,5.48,broken clouds
404,Umm Kaddadah,SD,2021-09-17 21:49:50,13.6017,26.6876,85.57,40,71,6.26,broken clouds
405,Niteroi,BR,2021-09-17 21:49:50,-22.8833,-43.1036,69.6,83,88,10.8,overcast clouds
406,Molfetta,IT,2021-09-17 21:49:50,41.2002,16.5975,77.14,63,99,1.01,overcast clouds
407,Cleveland,US,2021-09-17 21:47:48,41.4995,-81.6954,85.75,73,5,1.99,clear sky
408,Serra Negra,BR,2021-09-17 21:49:51,-22.6122,-46.7006,70.39,63,60,2.86,broken clouds
409,Padang,ID,2021-09-17 21:49:51,-0.9492,100.3543,76.89,87,94,2.66,overcast clouds
410,Mbala,ZM,2021-09-17 21:49:52,-8.8402,31.3659,69.15,44,59,4.85,broken clouds
411,Mangan,IN,2021-09-17 21:49:52,27.5167,88.5333,74.7,86,100,2.35,overcast clouds
412,Weligama,LK,2021-09-17 21:49:52,5.9667,80.4167,77.94,90,83,6.96,light rain
413,Barkly West,ZA,2021-09-17 21:49:53,-28.5354,24.5215,53.19,27,0,12.95,clear sky
414,Lavrentiya,RU,2021-09-17 21:49:53,65.5833,-171.0,38.86,69,99,9.6,overcast clouds
415,Kahului,US,2021-09-17 21:49:54,20.8947,-156.47,81.97,79,100,15.48,overcast clouds
416,Moose Factory,CA,2021-09-17 21:49:54,51.2585,-80.6094,55.71,99,100,3.91,overcast clouds
417,Kulhudhuffushi,MV,2021-09-17 21:49:55,6.6221,73.07,81.64,78,95,10.58,overcast clouds
418,Ust-Omchug,RU,2021-09-17 21:49:55,61.15,149.6333,44.8,85,100,4.16,light rain
419,Porto De Moz,BR,2021-09-17 21:49:55,-1.7483,-52.2383,84.02,59,37,4.94,scattered clouds
420,Matay,EG,2021-09-17 21:46:50,28.419,30.7792,78.51,48,0,17.16,clear sky
421,Havre-Saint-Pierre,CA,2021-09-17 21:49:56,50.2334,-63.5986,56.79,80,15,8.21,few clouds
422,Shimizu,JP,2021-09-17 21:49:56,43.0061,142.8847,57.15,99,100,7.38,overcast clouds
423,Champerico,GT,2021-09-17 21:49:57,14.3,-91.9167,83.35,74,100,4.41,overcast clouds
424,Sheridan,US,2021-09-17 21:49:19,44.8333,-106.9173,88.02,15,36,1.99,scattered clouds
425,Lubango,AO,2021-09-17 21:49:57,-14.9172,13.4925,63.14,40,33,4.18,scattered clouds
426,Sinnamary,GF,2021-09-17 21:48:58,5.3833,-52.95,79.92,80,39,6.33,scattered clouds
427,Lithgow,AU,2021-09-17 21:49:58,-33.4833,150.15,57.47,66,73,11.77,broken clouds
428,Swakopmund,NA,2021-09-17 21:49:58,-22.6833,14.5333,56.98,87,2,1.99,clear sky
429,Leiyang,CN,2021-09-17 21:49:58,26.4024,112.8591,76.82,79,44,3.51,light rain
430,Cockburn Town,TC,2021-09-17 21:49:59,21.4612,-71.1419,83.1,79,100,16.67,overcast clouds
431,Boromlya,UA,2021-09-17 21:49:59,50.6184,34.9704,55.56,62,96,11.39,light rain
432,Aripuana,BR,2021-09-17 21:49:59,-9.1667,-60.6333,80.13,60,65,2.53,broken clouds
433,Gravdal,NO,2021-09-17 21:49:03,68.1214,13.5031,50.27,82,100,12.46,overcast clouds
434,Suntar,RU,2021-09-17 21:50:00,62.1444,117.6319,34.14,86,99,6.76,overcast clouds
435,Svetlaya,RU,2021-09-17 21:50:00,46.5389,138.3297,58.17,69,0,3.98,clear sky
436,Quzhou,CN,2021-09-17 21:50:00,28.9594,118.8686,68.2,91,0,5.1,clear sky
437,Gunnedah,AU,2021-09-17 21:50:01,-30.9833,150.25,60.82,57,60,2.73,broken clouds
438,Monrovia,LR,2021-09-17 21:50:01,6.3005,-10.7969,77.81,83,100,7.11,overcast clouds
439,Naze,JP,2021-09-17 21:50:02,28.3667,129.4833,75.43,76,4,9.26,clear sky
440,Bolobo,CD,2021-09-17 21:50:03,-2.1667,16.2333,74.34,81,83,1.52,broken clouds
441,Ginir,ET,2021-09-17 21:50:03,7.1333,40.7,64.76,70,100,4.41,light rain
442,Yenagoa,NG,2021-09-17 21:45:22,4.9247,6.2642,75.65,94,91,3.27,overcast clouds
443,Traralgon,AU,2021-09-17 21:50:04,-38.1833,146.5333,56.17,82,14,5.01,few clouds
444,San Luis,AR,2021-09-17 21:48:13,-33.295,-66.3356,70.7,24,1,4.16,clear sky
445,Esmeraldas,BR,2021-09-17 21:50:05,-19.7625,-44.3139,76.06,50,49,11.79,scattered clouds
446,Cayenne,GF,2021-09-17 21:50:05,4.9333,-52.3333,82.09,82,20,6.2,light rain
447,Ugoofaaru,MV,2021-09-17 21:50:06,5.6667,73.0,81.88,79,77,12.03,broken clouds
448,Lata,PT,2021-09-17 21:50:06,40.1629,-8.3327,67.05,91,77,4.34,broken clouds
449,Makakilo City,US,2021-09-17 21:50:06,21.3469,-158.0858,82.69,68,99,20.18,overcast clouds
450,Tikrit,IQ,2021-09-17 21:50:07,34.6071,43.6782,84.38,29,0,10.22,clear sky
451,Ancud,CL,2021-09-17 21:47:09,-41.8697,-73.8203,51.42,83,99,10.76,light rain
452,Fairbanks,US,2021-09-17 21:47:08,64.8378,-147.7164,54.3,56,12,1.01,few clouds
453,Linjiang,CN,2021-09-17 21:50:07,41.8069,126.9078,53.83,96,0,1.25,clear sky
454,Flin Flon,CA,2021-09-17 21:48:25,54.7682,-101.865,50.59,65,98,4.32,overcast clouds
455,Monteagudo,BO,2021-09-17 21:50:08,-19.8167,-63.9833,83.16,32,10,7.65,clear sky
456,San Patricio,US,2021-09-17 21:50:08,28.017,-97.5169,97.02,42,6,6.89,clear sky
457,Eltham,NZ,2021-09-17 21:50:09,-39.4292,174.3,48.18,74,3,8.01,clear sky
458,Sur,OM,2021-09-17 21:46:46,22.5667,59.5289,83.91,70,7,11.07,clear sky
459,Lazarev,RU,2021-09-17 21:50:09,52.225,141.5131,58.87,72,73,15.32,broken clouds
460,Krasnyy Chikoy,RU,2021-09-17 21:50:09,50.3643,108.7512,46.27,93,99,1.52,overcast clouds
461,Flagstaff,US,2021-09-17 21:48:42,35.1981,-111.6513,82.56,30,90,7.0,overcast clouds
462,Wenling,CN,2021-09-17 21:45:12,28.3669,121.36,74.34,81,98,3.71,overcast clouds
463,Ankang,CN,2021-09-17 21:48:03,32.68,109.0172,68.5,95,100,2.55,overcast clouds
464,Maltahohe,NA,2021-09-17 21:50:10,-24.8333,16.9833,59.59,24,1,5.55,clear sky
465,Faya,SA,2021-09-17 21:46:53,18.3851,42.4509,68.59,45,25,3.09,scattered clouds
466,Ouallam,NE,2021-09-17 21:50:11,14.3188,2.0866,87.19,52,100,13.8,overcast clouds
467,Dapaong,TG,2021-09-17 21:50:11,10.8639,0.205,76.19,73,98,2.24,overcast clouds
468,Biltine,TD,2021-09-17 21:50:11,14.5333,20.9167,90.16,25,99,4.9,overcast clouds
469,Samandag,TR,2021-09-17 21:50:12,36.0842,35.9771,74.12,68,0,3.33,clear sky
470,San Carlos Del Zulia,VE,2021-09-17 21:50:12,9.0,-71.9135,89.04,54,13,8.46,few clouds
471,Riyadh,SA,2021-09-17 21:50:12,24.6877,46.7219,84.24,17,74,7.23,broken clouds
472,Maragogi,BR,2021-09-17 21:50:13,-9.0122,-35.2225,74.61,84,46,12.8,scattered clouds
473,Dawlatabad,AF,2021-09-17 21:50:13,36.4141,64.9053,73.72,14,0,3.22,clear sky
474,Byron Bay,AU,2021-09-17 21:50:14,-28.65,153.6167,69.06,63,0,12.1,clear sky
475,Guarapari,BR,2021-09-17 21:50:14,-20.6667,-40.4975,71.62,88,22,6.76,few clouds
476,Liwale,TZ,2021-09-17 21:50:14,-9.7667,37.9333,65.52,88,5,3.22,clear sky
477,Vanimo,PG,2021-09-17 21:48:46,-2.6741,141.3028,78.49,89,66,6.49,broken clouds
478,Puerto Quijarro,BO,2021-09-17 21:50:15,-17.7833,-57.7667,94.26,21,13,2.68,few clouds
479,Acapulco,MX,2021-09-17 21:50:15,16.8634,-99.8901,82.81,78,99,2.51,overcast clouds
480,Alice Springs,AU,2021-09-17 21:48:27,-23.7,133.8833,63.55,63,99,20.24,overcast clouds
481,Udachnyy,RU,2021-09-17 21:50:16,66.4167,112.4,28.47,93,86,6.11,overcast clouds
482,Kloulklubed,PW,2021-09-17 21:50:16,7.0419,134.2556,81.39,78,99,12.77,overcast clouds
483,Mogadishu,SO,2021-09-17 21:50:17,2.0371,45.3438,77.52,83,49,15.52,scattered clouds
484,Evensk,RU,2021-09-17 21:50:17,61.95,159.2333,46.98,89,100,5.99,overcast clouds
485,Burns Lake,CA,2021-09-17 21:50:17,54.2331,-125.7533,43.3,89,100,3.62,overcast clouds
486,Nizhniy Kuranakh,RU,2021-09-17 21:50:18,58.8353,125.4869,37.58,91,100,14.12,overcast clouds
487,Ixtapa,MX,2021-09-17 21:50:18,20.7,-105.2,79.23,96,100,4.0,overcast clouds
488,Quatre Cocos,MU,2021-09-17 21:50:18,-20.2078,57.7625,72.09,86,12,6.69,light rain
489,Chistogorskiy,RU,2021-09-17 21:50:19,53.9835,87.3843,59.38,48,92,8.95,overcast clouds
490,Kangaatsiaq,GL,2021-09-17 21:50:19,68.3065,-53.4641,31.1,59,1,10.89,clear sky
491,Polessk,RU,2021-09-17 21:50:19,54.862,21.1028,48.97,90,100,15.68,overcast clouds
492,Chakwal,PK,2021-09-17 21:50:20,32.9334,72.8585,80.02,67,0,7.74,clear sky
493,Mpulungu,ZM,2021-09-17 21:50:20,-8.7623,31.1141,79.36,54,68,2.26,broken clouds
494,Opuwo,NA,2021-09-17 21:50:21,-18.0607,13.84,65.97,23,2,2.15,clear sky
495,Waverley,ZA,2021-09-17 21:50:21,-25.7023,28.2591,60.53,40,23,12.28,few clouds
496,Karratha,AU,2021-09-17 21:50:21,-20.7377,116.8463,70.52,33,0,15.97,clear sky
497,Acari,PE,2021-09-17 21:50:22,-15.4311,-74.6158,69.76,61,80,5.88,broken clouds
498,Semey,KZ,2021-09-17 21:50:22,50.4111,80.2275,53.47,82,76,10.2,heavy intensity rain
499,Caruray,PH,2021-09-17 21:50:22,10.3094,119.0128,78.22,87,99,4.47,overcast clouds
500,Marondera,ZW,2021-09-17 21:50:23,-18.1853,31.5519,55.18,94,63,13.44,broken clouds
501,Ihosy,MG,2021-09-17 21:50:23,-22.4,46.1167,64.44,56,9,10.29,clear sky
502,Catuday,PH,2021-09-17 21:50:23,16.2923,119.8062,79.48,81,17,6.98,few clouds
503,Manokwari,ID,2021-09-17 21:50:24,-0.8667,134.0833,76.33,84,100,2.53,moderate rain
504,Medea,DZ,2021-09-17 21:50:24,36.2642,2.7539,64.53,88,42,2.37,scattered clouds
505,Ocean City,US,2021-09-17 21:50:24,39.2776,-74.5746,77.02,87,46,11.01,scattered clouds
506,Kuching,MY,2021-09-17 21:50:25,1.55,110.3333,74.55,94,72,2.48,moderate rain
507,Qasigiannguit,GL,2021-09-17 21:50:25,68.8193,-51.1922,17.78,75,2,3.74,clear sky
508,Cairns,AU,2021-09-17 21:50:26,-16.9167,145.7667,74.07,83,91,14.79,overcast clouds
509,Awbari,LY,2021-09-17 21:50:26,26.5921,12.7805,79.02,22,0,8.79,clear sky
510,Aktash,RU,2021-09-17 21:50:26,50.3,87.7333,36.86,57,32,4.83,scattered clouds
511,Ugljevik,BA,2021-09-17 21:50:27,44.6636,19.0203,58.51,93,99,4.14,overcast clouds
512,Goderich,CA,2021-09-17 21:50:27,43.7501,-81.7165,79.92,73,0,8.95,clear sky
513,Manzhouli,CN,2021-09-17 21:50:27,49.6,117.4333,44.71,49,99,7.18,overcast clouds
514,Tahoua,NE,2021-09-17 21:50:28,14.8888,5.2692,85.78,52,83,9.13,broken clouds
515,Pandan,PH,2021-09-17 21:48:48,14.0453,124.1694,79.47,86,97,5.91,light rain
516,Sidi Ali,DZ,2021-09-17 21:48:12,36.0998,0.4206,70.68,80,0,3.67,clear sky
517,Saiha,IN,2021-09-17 21:50:29,22.4833,92.9667,70.27,99,100,2.13,light rain
518,Puerto Escondido,MX,2021-09-17 21:50:29,15.85,-97.0667,83.57,74,63,3.69,broken clouds
519,Morondava,MG,2021-09-17 21:50:29,-20.2833,44.2833,74.19,67,42,16.69,scattered clouds
520,Khash,IR,2021-09-17 21:50:30,28.2211,61.2158,71.78,9,0,0.2,clear sky
521,Baykit,RU,2021-09-17 21:50:30,61.67,96.37,39.15,89,99,3.94,overcast clouds
522,Alpatovo,RU,2021-09-17 21:50:30,43.7028,45.2415,59.68,62,76,6.33,broken clouds
523,Miranda,CO,2021-09-17 21:45:41,3.2499,-76.2281,80.38,58,38,3.13,scattered clouds
524,Kalmunai,LK,2021-09-17 21:50:31,7.4167,81.8167,81.34,79,100,2.42,overcast clouds
525,Alamosa,US,2021-09-17 21:50:31,37.4695,-105.87,82.65,8,0,6.58,clear sky
526,Mount Isa,AU,2021-09-17 21:50:32,-20.7333,139.5,73.09,25,5,9.01,clear sky
527,Beringovskiy,RU,2021-09-17 21:50:32,63.05,179.3167,44.69,51,27,7.83,scattered clouds
528,Hawkesbury,CA,2021-09-17 21:45:43,45.6001,-74.616,80.62,72,50,5.88,scattered clouds
529,Hornepayne,CA,2021-09-17 21:50:33,49.2138,-84.7705,62.71,52,91,12.03,overcast clouds
530,Nioro,GM,2021-09-17 21:47:30,13.35,-15.75,76.23,93,100,6.02,overcast clouds
531,Puerto Guzman,CO,2021-09-17 21:50:33,0.9703,-76.5858,81.05,71,24,0.98,few clouds
532,Nuuk,GL,2021-09-17 21:50:34,64.1835,-51.7216,37.65,64,77,2.93,broken clouds
533,Mehamn,NO,2021-09-17 21:50:34,71.0357,27.8492,41.79,79,95,10.18,overcast clouds
534,Aasiaat,GL,2021-09-17 21:50:35,68.7098,-52.8699,20.32,74,2,8.39,clear sky
535,Bousso,TD,2021-09-17 21:50:35,10.4795,16.7117,75.0,85,97,5.95,light rain
536,Qui Nhon,VN,2021-09-17 21:50:17,13.7667,109.2333,76.32,90,86,3.85,overcast clouds
537,Antofagasta,CL,2021-09-17 21:47:45,-23.65,-70.4,60.13,74,37,8.08,scattered clouds
538,Taber,CA,2021-09-17 21:45:42,49.8167,-112.1518,73.27,12,100,17.34,overcast clouds
539,Kudahuvadhoo,MV,2021-09-17 21:48:22,2.6708,72.8944,82.36,75,100,7.49,overcast clouds
540,San Pedro De Macoris,DO,2021-09-17 21:50:36,18.4616,-69.2972,81.48,73,86,8.93,overcast clouds
541,Taltal,CL,2021-09-17 21:50:20,-25.4,-70.4833,61.79,69,24,4.97,few clouds
542,Srednekolymsk,RU,2021-09-17 21:50:36,67.45,153.6833,47.12,68,34,6.17,scattered clouds
543,Pisco,PE,2021-09-17 21:45:37,-13.7,-76.2167,65.01,81,56,4.72,broken clouds
544,Karasjok,NO,2021-09-17 21:50:37,69.4719,25.5112,36.91,89,98,9.17,overcast clouds
545,Bhuban,IN,2021-09-17 21:50:37,20.8833,85.8333,78.12,89,100,2.28,overcast clouds
546,Pincher Creek,CA,2021-09-17 21:50:38,49.4833,-113.952,64.89,20,100,27.02,overcast clouds
547,Riohacha,CO,2021-09-17 21:50:38,11.5444,-72.9072,88.47,60,9,14.16,clear sky
548,Gariaband,IN,2021-09-17 21:50:38,20.635,82.0614,71.62,97,76,3.11,broken clouds
549,Kenora,CA,2021-09-17 21:50:39,49.8167,-94.4337,57.9,44,68,10.36,broken clouds
550,Hanover,DE,2021-09-17 21:47:03,52.3705,9.7332,57.02,90,0,4.68,clear sky
551,Mishan,CN,2021-09-17 21:50:39,45.55,131.8833,55.02,71,14,4.03,few clouds
552,Wasilla,US,2021-09-17 21:50:40,61.5814,-149.4394,53.85,82,21,5.01,few clouds
553,Wattegama,LK,2021-09-17 21:50:40,6.7989,81.4808,74.89,93,100,5.61,overcast clouds
554,Boulder City,US,2021-09-17 21:50:40,35.9786,-114.8325,92.77,19,64,17.76,broken clouds
555,Menemen,TR,2021-09-17 21:50:41,38.6075,27.0694,71.89,49,25,2.01,scattered clouds
556,Ostrovnoy,RU,2021-09-17 21:50:41,68.0531,39.5131,42.03,74,100,5.91,overcast clouds
557,Pevek,RU,2021-09-17 21:50:42,69.7008,170.3133,32.68,100,100,1.99,light snow
558,Frederico Westphalen,BR,2021-09-17 21:50:42,-27.3592,-53.3944,60.44,96,100,6.2,light rain
559,Porto Walter,BR,2021-09-17 21:50:43,-8.2686,-72.7439,83.75,55,90,1.03,overcast clouds
560,Rorvik,NO,2021-09-17 21:50:43,64.8621,11.2373,50.31,66,86,23.8,overcast clouds
561,Tanda,IN,2021-09-17 21:50:43,26.55,82.65,74.95,98,94,6.17,overcast clouds
562,Navahrudak,BY,2021-09-17 21:50:44,53.6,25.8333,44.17,96,100,13.02,overcast clouds
563,Sayyan,YE,2021-09-17 21:50:44,15.1718,44.3244,64.81,38,100,2.19,overcast clouds
564,Bouar,CF,2021-09-17 21:50:44,5.934,15.596,63.7,95,99,2.75,overcast clouds
565,Umkomaas,ZA,2021-09-17 21:50:45,-30.2067,30.7978,59.68,69,75,10.09,broken clouds
566,Belomorsk,RU,2021-09-17 21:50:45,64.5232,34.7668,43.2,74,100,5.46,overcast clouds
567,Obo,CF,2021-09-17 21:50:46,5.3998,26.4869,68.61,98,100,3.29,overcast clouds
568,Broome,US,2021-09-17 21:50:46,42.2506,-75.833,76.91,73,86,1.01,overcast clouds
569,Inirida,CO,2021-09-17 21:50:46,3.8653,-67.9239,78.85,84,87,3.96,overcast clouds
570,Verkhnyaya Sinyachikha,RU,2021-09-17 21:50:47,57.976,61.6673,35.73,86,99,6.2,overcast clouds
571,Oussouye,SN,2021-09-17 21:45:56,12.485,-16.5469,79.03,84,100,6.06,overcast clouds
572,Laramie,US,2021-09-17 21:50:47,41.3114,-105.5911,78.35,20,49,4.18,scattered clouds
573,Sao Gabriel Da Cachoeira,BR,2021-09-17 21:50:48,-0.1303,-67.0892,76.78,91,51,1.83,broken clouds
574,Balaogan,PH,2021-09-17 21:50:48,13.4328,123.2818,75.94,93,100,1.79,overcast clouds
575,Vila Velha,BR,2021-09-17 21:50:48,-20.3297,-40.2925,73.54,80,9,7.07,clear sky
576,Ambilobe,MG,2021-09-17 21:50:49,-13.2,49.05,70.02,81,90,2.77,overcast clouds
577,Agustin Codazzi,CO,2021-09-17 21:50:49,10.0341,-73.2361,91.13,50,59,1.68,broken clouds
578,Rio Grande,BR,2021-09-17 21:50:49,-32.035,-52.0986,61.95,88,100,14.23,overcast clouds
579,Vila Franca Do Campo,PT,2021-09-17 21:50:50,37.7167,-25.4333,66.69,79,89,6.2,overcast clouds
580,Sabang,ID,2021-09-17 21:50:50,5.8933,95.3214,82.33,75,35,9.13,scattered clouds
581,Antsohihy,MG,2021-09-17 21:50:51,-14.8796,47.9875,71.67,91,67,0.63,light rain
582,Mahibadhoo,MV,2021-09-17 21:50:51,3.7833,72.9667,82.36,76,99,9.91,overcast clouds
583,Yar-Sale,RU,2021-09-17 21:50:51,66.8333,70.8333,37.18,96,100,30.09,light rain
584,Jacareacanga,BR,2021-09-17 21:50:52,-6.2222,-57.7528,81.46,63,82,1.1,broken clouds
585,Petukhovo,RU,2021-09-17 21:50:52,55.0692,67.9019,42.1,80,100,12.19,overcast clouds
586,Beira,MZ,2021-09-17 21:50:52,-19.8436,34.8389,72.66,86,76,21.97,light rain
587,Tornio,FI,2021-09-17 21:50:53,65.8481,24.1466,43.18,73,100,5.88,overcast clouds
588,Cradock,ZA,2021-09-17 21:50:53,-32.1642,25.6192,42.67,79,0,4.56,clear sky
589,Enshi,CN,2021-09-17 21:46:49,30.3,109.4833,69.42,97,100,0.94,light rain
590,Gumdag,TM,2021-09-17 21:50:53,39.2061,54.5906,73.22,82,0,4.29,clear sky
591,Kieta,PG,2021-09-17 21:50:54,-6.2167,155.6333,83.25,71,83,4.9,light rain
592,Cururupu,BR,2021-09-17 21:50:54,-1.8283,-44.8683,76.08,89,14,3.18,few clouds
593,Lubumbashi,CD,2021-09-17 21:50:55,-11.6609,27.4794,71.28,31,4,3.15,clear sky
594,Kirando,TZ,2021-09-17 21:50:55,-7.4167,30.6,77.05,66,42,4.94,scattered clouds
595,Ilulissat,GL,2021-09-17 21:46:19,69.2167,-51.1,16.68,70,6,5.14,clear sky
596,Wahpeton,US,2021-09-17 21:50:55,46.2652,-96.6059,69.94,24,0,8.63,clear sky
597,Townsville,AU,2021-09-17 21:50:56,-19.25,146.8,72.93,55,38,14.14,scattered clouds
598,Jaca,ES,2021-09-17 21:50:56,42.569,-0.5499,68.02,66,20,4.18,few clouds
599,Zhovtneve,UA,2021-09-17 21:50:57,50.6637,24.2492,57.04,97,100,16.26,overcast clouds
600,Camopi,GF,2021-09-17 21:50:57,3.1655,-52.3158,72.73,98,85,4.07,moderate rain
601,Sweetwater,US,2021-09-17 21:48:00,25.7634,-80.3731,82.99,58,80,8.39,broken clouds
602,Port Keats,AU,2021-09-17 21:50:58,-14.25,129.55,78.06,83,39,4.9,scattered clouds
603,Tignere,CM,2021-09-17 21:50:58,7.3667,12.65,65.44,91,100,2.21,overcast clouds
604,College,US,2021-09-17 21:50:58,64.8569,-147.8028,54.28,56,12,2.13,few clouds
605,Luoyang,CN,2021-09-17 21:50:59,34.6836,112.4536,66.47,98,100,7.96,light rain
606,Liverpool,GB,2021-09-17 21:50:59,53.4106,-2.9779,63.28,82,57,1.21,broken clouds
607,Damavand,IR,2021-09-17 21:50:59,35.7178,52.065,64.0,18,0,2.1,clear sky
608,Sola,VU,2021-09-17 21:51:00,-13.8833,167.55,79.68,78,19,18.75,few clouds
609,Sao Felix Do Xingu,BR,2021-09-17 21:51:00,-6.6447,-51.995,86.41,35,86,3.4,overcast clouds
610,Schwanewede,DE,2021-09-17 21:51:01,53.2333,8.6,53.19,95,0,4.56,clear sky
611,Bhakkar,PK,2021-09-17 21:51:01,31.6253,71.0657,89.04,42,0,9.19,clear sky
612,Calabozo,VE,2021-09-17 21:51:01,8.9242,-67.4293,82.62,69,83,2.75,broken clouds
613,Tieli,CN,2021-09-17 21:51:02,46.95,128.05,54.5,97,97,1.07,overcast clouds
614,Bathsheba,BB,2021-09-17 21:46:25,13.2167,-59.5167,82.6,66,11,11.32,few clouds
615,Koupela,BF,2021-09-17 21:51:02,12.1794,-0.3517,78.94,73,89,2.44,overcast clouds
616,New Plymouth,NZ,2021-09-17 21:51:03,-39.0667,174.0833,50.05,51,3,5.68,clear sky
617,Newport,GB,2021-09-17 21:51:03,51.5877,-2.9984,62.85,86,32,3.02,scattered clouds
618,Sudogda,RU,2021-09-17 21:51:03,55.9539,40.8629,40.14,77,87,4.9,overcast clouds
619,Dubbo,AU,2021-09-17 21:50:09,-32.25,148.6167,62.4,53,99,13.85,overcast clouds
620,Kavaratti,IN,2021-09-17 21:51:04,10.5669,72.642,80.71,81,61,9.17,broken clouds
621,San Ignacio,BZ,2021-09-17 21:51:04,17.1561,-89.0714,91.81,53,62,9.33,broken clouds
622,Kirakira,SB,2021-09-17 21:51:05,-10.4544,161.9205,82.56,75,97,11.72,overcast clouds
623,Sibolga,ID,2021-09-17 21:51:05,1.7427,98.7792,75.74,89,71,2.89,broken clouds
624,Savinka,RU,2021-09-17 21:51:05,50.0785,47.0994,49.1,57,90,5.59,overcast clouds
625,San-Pedro,CI,2021-09-17 21:51:06,4.7485,-6.6363,75.43,93,88,7.07,overcast clouds
626,Dossor,KZ,2021-09-17 21:51:06,47.5272,52.9811,50.7,48,1,7.09,clear sky
627,Ajdabiya,LY,2021-09-17 21:51:06,30.7554,20.2263,77.56,53,0,7.7,clear sky
628,Taoudenni,ML,2021-09-17 21:51:07,22.6783,-3.9836,97.25,23,91,13.09,overcast clouds
629,Mahajanga,MG,2021-09-17 21:51:07,-15.7167,46.3167,75.31,81,63,10.65,broken clouds
630,Tabuk,PH,2021-09-17 21:51:08,17.4189,121.4443,73.53,90,55,2.39,broken clouds
631,Marquette,US,2021-09-17 21:51:08,46.5333,-87.6335,67.33,44,94,11.34,overcast clouds
632,Muzhi,RU,2021-09-17 21:51:08,65.3667,64.6667,36.7,97,100,24.81,moderate rain
633,Chara,RU,2021-09-17 21:51:09,56.9064,118.2631,31.95,72,1,3.02,clear sky
634,Padampur,IN,2021-09-17 21:51:09,29.6833,73.6167,84.65,57,0,8.86,clear sky
635,Tura,IN,2021-09-17 21:51:09,25.5198,90.2201,72.14,96,100,3.47,overcast clouds
636,Pawayan,IN,2021-09-17 21:51:10,28.0667,80.1,74.89,87,63,7.85,broken clouds
637,Ambon,ID,2021-09-17 21:51:10,-3.6954,128.1814,76.89,91,100,10.85,heavy intensity rain
638,Nanakuli,US,2021-09-17 21:46:33,21.3906,-158.1547,84.11,70,99,18.3,overcast clouds
639,Guadalupe Y Calvo,MX,2021-09-17 21:51:10,26.1,-106.9667,68.45,67,86,5.14,overcast clouds
640,Arrifes,PT,2021-09-17 21:51:11,37.7667,-25.7,65.84,76,91,8.25,overcast clouds
641,Camacha,PT,2021-09-17 21:51:11,33.0833,-16.3333,71.53,77,93,18.05,overcast clouds
642,Vidim,RU,2021-09-17 21:51:12,56.4088,103.1106,38.82,73,19,3.56,few clouds
643,Peniche,PT,2021-09-17 21:47:35,39.3558,-9.3811,67.28,86,53,19.53,broken clouds
644,Hlukhiv,UA,2021-09-17 21:51:12,51.6782,33.9162,49.37,95,100,18.99,overcast clouds
645,Lodwar,KE,2021-09-17 21:51:13,3.1191,35.5973,89.1,39,82,7.65,broken clouds
646,Manicore,BR,2021-09-17 21:51:14,-5.8092,-61.3003,79.59,74,100,1.68,overcast clouds
647,De-Kastri,RU,2021-09-17 21:51:14,51.4667,140.7833,57.72,76,76,5.32,light rain
648,Stolac,BA,2021-09-17 21:51:15,43.0844,17.9575,66.49,86,84,3.38,broken clouds
649,Pachino,IT,2021-09-17 21:51:15,36.7186,15.0907,79.59,73,90,9.62,overcast clouds
650,Mitu,CO,2021-09-17 21:51:15,1.1983,-70.1733,77.43,93,21,2.39,few clouds
651,Souris,CA,2021-09-17 21:51:16,49.6172,-100.2612,65.73,20,56,9.62,broken clouds
652,Molango,MX,2021-09-17 21:51:16,20.7833,-98.7167,65.86,85,99,5.01,overcast clouds
653,Berdigestyakh,RU,2021-09-17 21:51:17,62.0989,126.6992,34.2,98,100,14.43,moderate rain
654,Olafsvik,IS,2021-09-17 21:51:17,64.8945,-23.7142,45.57,62,100,7.07,overcast clouds
655,Hualmay,PE,2021-09-17 21:51:17,-11.0964,-77.6139,64.53,74,63,12.33,broken clouds
656,Santiago,CL,2021-09-17 21:51:18,-33.4569,-70.6483,65.57,51,2,5.66,clear sky
657,Ornskoldsvik,SE,2021-09-17 21:51:18,63.2909,18.7153,41.11,84,55,3.98,broken clouds
658,Labuhan,ID,2021-09-17 21:51:19,-6.8844,112.2051,77.18,82,43,7.45,scattered clouds
659,Kem,RU,2021-09-17 21:51:20,64.9555,34.5793,43.93,78,100,4.83,overcast clouds
660,Alto Araguaia,BR,2021-09-17 21:51:20,-17.3147,-53.2153,85.19,17,12,6.62,few clouds
661,Abu Kamal,SY,2021-09-17 21:51:20,34.4506,40.9171,81.41,36,25,9.51,scattered clouds
662,Lipin Bor,RU,2021-09-17 21:51:21,60.2622,37.9763,36.9,96,25,6.91,scattered clouds
663,Bambanglipuro,ID,2021-09-17 21:51:21,-7.95,110.2833,75.81,88,10,7.47,clear sky
664,Aksarka,RU,2021-09-17 21:51:21,66.5606,67.7975,36.57,95,100,30.65,light rain
665,Palmas De Monte Alto,BR,2021-09-17 21:51:22,-14.2672,-43.1619,80.31,33,0,11.56,clear sky
666,Lohja,FI,2021-09-17 21:51:22,60.2486,24.0653,46.26,73,99,5.44,overcast clouds
667,Nola,IT,2021-09-17 21:51:23,40.922,14.5329,77.56,74,92,3.6,overcast clouds
668,Arlit,NE,2021-09-17 21:51:23,18.7369,7.3853,92.48,11,0,9.93,clear sky
669,Green River,US,2021-09-17 21:51:23,41.5286,-109.4662,78.19,24,0,3.0,clear sky
670,Kroya,ID,2021-09-17 21:51:24,-7.6331,109.2461,75.33,92,38,5.84,scattered clouds
671,Prince George,CA,2021-09-17 21:49:47,53.9166,-122.753,47.25,96,100,3.0,light rain
672,Zambezi,ZM,2021-09-17 21:51:24,-13.5432,23.1047,73.08,30,59,4.34,broken clouds
673,Marshfield,US,2021-09-17 21:51:25,44.6689,-90.1718,71.44,45,100,8.61,overcast clouds
674,Ipswich,GB,2021-09-17 21:51:25,52.0592,1.1555,63.28,87,96,6.46,overcast clouds
675,La Malbaie,CA,2021-09-17 21:51:25,47.6575,-70.1559,67.66,77,5,9.86,clear sky
676,Ceres,US,2021-09-17 21:51:26,37.5949,-120.9577,93.49,19,0,2.46,clear sky
677,Tshikapa,CD,2021-09-17 21:51:26,-6.4167,20.8,73.45,81,94,2.01,overcast clouds
678,Kamaishi,JP,2021-09-17 21:48:21,39.2667,141.8833,68.27,97,100,20.47,overcast clouds
679,Srinivaspur,IN,2021-09-17 21:51:27,13.3333,78.2167,71.53,80,98,5.21,overcast clouds
680,Vila,PT,2021-09-17 21:47:58,42.0304,-8.1588,53.33,92,66,4.5,broken clouds
681,Coos Bay,US,2021-09-17 21:51:27,43.3665,-124.2179,88.02,69,100,11.56,overcast clouds
682,Zhangjiakou,CN,2021-09-17 21:51:27,40.81,114.8794,59.34,78,100,1.39,overcast clouds
683,Grand-Lahou,CI,2021-09-17 21:51:28,5.1367,-5.0242,76.05,94,100,8.68,overcast clouds
684,Prieska,ZA,2021-09-17 21:51:28,-29.6641,22.7474,49.35,41,0,10.45,clear sky
685,Viedma,AR,2021-09-17 21:50:28,-40.8135,-62.9967,57.29,47,10,8.63,clear sky
